<application>
  <component name="FileTypeManager" version="17">
    <ignoreFiles list="*$py.class;*.hprof;*.pyc;*.pyo;*.rbc;*.yarb;*~;.DS_Store;.git;.hg;.svn;CVS;__pycache__;_svn;vssver.scc;vssver2.scc;" />
    <extensionMap>
      <mapping ext="downloading" type="PLAIN_TEXT" />
      <mapping pattern="文件处理和异常" type="Python" />
      <mapping pattern="类" type="Python" />
      <mapping pattern="000" type="Python" />
      <mapping pattern="my_tree" type="Python" />
    </extensionMap>
  </component>
</application>