<application>
  <component name="ProjectJdkTable">
    <jdk version="2">
      <name value="Python 3.7 (Learning_log)" />
      <type value="Python SDK" />
      <version value="Python 3.7.2" />
      <homePath value="D:\Learning_log\ll_env\Scripts\python.exe" />
      <roots>
        <classPath>
          <root type="composite">
            <root url="file://D:/Python3.7.2/DLLs" type="simple" />
            <root url="file://D:/Python3.7.2/Lib" type="simple" />
            <root url="file://D:/Python3.7.2" type="simple" />
            <root url="file://D:/Learning_log/ll_env" type="simple" />
            <root url="file://D:/Learning_log/ll_env/Lib/site-packages" type="simple" />
            <root url="file://$USER_HOME$/.PyCharm2019.1/system/python_stubs/-1649087755" type="simple" />
            <root url="file://$APPLICATION_HOME_DIR$/helpers/python-skeletons" type="simple" />
            <root url="file://$APPLICATION_HOME_DIR$/helpers/typeshed/stdlib/3" type="simple" />
            <root url="file://$APPLICATION_HOME_DIR$/helpers/typeshed/stdlib/2and3" type="simple" />
            <root url="file://$APPLICATION_HOME_DIR$/helpers/typeshed/third_party/3" type="simple" />
            <root url="file://$APPLICATION_HOME_DIR$/helpers/typeshed/third_party/2and3" type="simple" />
          </root>
        </classPath>
        <sourcePath>
          <root type="composite" />
        </sourcePath>
      </roots>
      <additional ASSOCIATED_PROJECT_PATH="D:/Learning_log" />
    </jdk>
    <jdk version="2">
      <name value="Python 3.7.2" />
      <type value="Python SDK" />
      <version value="Python 3.7.2" />
      <homePath value="D:\Program_Software\Python3.7.2\python.exe" />
      <roots>
        <classPath>
          <root type="composite">
            <root url="file://D:/Program_Software/Python3.7.2/DLLs" type="simple" />
            <root url="file://D:/Program_Software/Python3.7.2/Lib" type="simple" />
            <root url="file://D:/Program_Software/Python3.7.2" type="simple" />
            <root url="file://D:/Program_Software/Python3.7.2/Lib/site-packages" type="simple" />
            <root url="file://$USER_HOME$/.PyCharm2019.1/system/python_stubs/994384703" type="simple" />
            <root url="file://$APPLICATION_HOME_DIR$/helpers/python-skeletons" type="simple" />
            <root url="file://$APPLICATION_HOME_DIR$/helpers/typeshed/stdlib/3" type="simple" />
            <root url="file://$APPLICATION_HOME_DIR$/helpers/typeshed/stdlib/2and3" type="simple" />
            <root url="file://$APPLICATION_HOME_DIR$/helpers/typeshed/third_party/3" type="simple" />
            <root url="file://$APPLICATION_HOME_DIR$/helpers/typeshed/third_party/2and3" type="simple" />
          </root>
        </classPath>
        <sourcePath>
          <root type="composite" />
        </sourcePath>
      </roots>
      <additional />
    </jdk>
    <jdk version="2">
      <name value="Python 3.7.3" />
      <type value="Python SDK" />
      <version value="Python 3.7.3" />
      <homePath value="D:\Program_Software\Anaconda\python.exe" />
      <roots>
        <classPath>
          <root type="composite">
            <root url="file://D:/Program_Software/Anaconda/DLLs" type="simple" />
            <root url="file://D:/Program_Software/Anaconda/Lib" type="simple" />
            <root url="file://$USER_HOME$/AppData/Roaming/Python/Python37/site-packages" type="simple" />
            <root url="file://D:/Program_Software/Anaconda/Lib/site-packages" type="simple" />
            <root url="file://D:/Program_Software/Anaconda/Lib/site-packages/win32" type="simple" />
            <root url="file://D:/Program_Software/Anaconda/Lib/site-packages/win32/lib" type="simple" />
            <root url="file://D:/Program_Software/Anaconda/Lib/site-packages/pythonwin" type="simple" />
            <root url="file://$USER_HOME$/.PyCharm2019.1/system/python_stubs/-381694992" type="simple" />
            <root url="file://$APPLICATION_HOME_DIR$/helpers/python-skeletons" type="simple" />
            <root url="file://$APPLICATION_HOME_DIR$/helpers/typeshed/stdlib/3" type="simple" />
            <root url="file://$APPLICATION_HOME_DIR$/helpers/typeshed/stdlib/2and3" type="simple" />
            <root url="file://$APPLICATION_HOME_DIR$/helpers/typeshed/third_party/3" type="simple" />
            <root url="file://$APPLICATION_HOME_DIR$/helpers/typeshed/third_party/2and3" type="simple" />
          </root>
        </classPath>
        <sourcePath>
          <root type="composite" />
        </sourcePath>
      </roots>
      <additional />
    </jdk>
    <jdk version="2">
      <name value="Python 3.6 (myopencv)" />
      <type value="Python SDK" />
      <version value="Python 3.6.3" />
      <homePath value="D:\Program_Software\Anaconda\envs\myopencv\python.exe" />
      <roots>
        <classPath>
          <root type="composite">
            <root url="file://D:/Program_Software/Anaconda/envs/myopencv/DLLs" type="simple" />
            <root url="file://D:/Program_Software/Anaconda/envs/myopencv/Lib" type="simple" />
            <root url="file://D:/Program_Software/Anaconda/envs/myopencv/Lib/site-packages" type="simple" />
            <root url="file://$USER_HOME$/.PyCharm2019.1/system/python_stubs/-1954514323" type="simple" />
            <root url="file://$APPLICATION_HOME_DIR$/helpers/python-skeletons" type="simple" />
            <root url="file://$APPLICATION_HOME_DIR$/helpers/typeshed/stdlib/3" type="simple" />
            <root url="file://$APPLICATION_HOME_DIR$/helpers/typeshed/stdlib/2and3" type="simple" />
            <root url="file://$APPLICATION_HOME_DIR$/helpers/typeshed/third_party/3" type="simple" />
            <root url="file://$APPLICATION_HOME_DIR$/helpers/typeshed/third_party/2and3" type="simple" />
          </root>
        </classPath>
        <sourcePath>
          <root type="composite" />
        </sourcePath>
      </roots>
      <additional ASSOCIATED_PROJECT_PATH="D:/Learn_Files" />
    </jdk>
    <jdk version="2">
      <name value="Python 3.7 (MyWeb)" />
      <type value="Python SDK" />
      <version value="Python 3.7.3" />
      <homePath value="D:\Learn_Files\MyWeb\venv\Scripts\python.exe" />
      <roots>
        <classPath>
          <root type="composite">
            <root url="file://D:/Program_Software/Anaconda/DLLs" type="simple" />
            <root url="file://D:/Program_Software/Anaconda/Lib" type="simple" />
            <root url="file://D:/Program_Software/Anaconda" type="simple" />
            <root url="file://D:/Learn_Files/MyWeb/venv" type="simple" />
            <root url="file://D:/Learn_Files/MyWeb/venv/Lib/site-packages" type="simple" />
            <root url="file://$USER_HOME$/AppData/Roaming/Python/Python37/site-packages" type="simple" />
            <root url="file://D:/Program_Software/Anaconda/Lib/site-packages" type="simple" />
            <root url="file://D:/Program_Software/Anaconda/Lib/site-packages/win32" type="simple" />
            <root url="file://D:/Program_Software/Anaconda/Lib/site-packages/win32/lib" type="simple" />
            <root url="file://D:/Program_Software/Anaconda/Lib/site-packages/pythonwin" type="simple" />
            <root url="file://$USER_HOME$/.PyCharm2019.1/system/python_stubs/-1966978548" type="simple" />
            <root url="file://$APPLICATION_HOME_DIR$/helpers/python-skeletons" type="simple" />
            <root url="file://$APPLICATION_HOME_DIR$/helpers/typeshed/stdlib/3" type="simple" />
            <root url="file://$APPLICATION_HOME_DIR$/helpers/typeshed/stdlib/2and3" type="simple" />
            <root url="file://$APPLICATION_HOME_DIR$/helpers/typeshed/third_party/3" type="simple" />
            <root url="file://$APPLICATION_HOME_DIR$/helpers/typeshed/third_party/2and3" type="simple" />
          </root>
        </classPath>
        <sourcePath>
          <root type="composite" />
        </sourcePath>
      </roots>
      <additional ASSOCIATED_PROJECT_PATH="D:/Learn_Files/MyWeb" />
    </jdk>
  </component>
</application>