<application>
  <component name="DefaultFont">
    <option name="FONT_SIZE" value="15" />
    <option name="LINE_SPACING" value="1.0" />
    <option name="USE_LIGATURES" value="true" />
    <option name="SECONDARY_FONT_FAMILY" value="SimSun" />
  </component>
  <component name="EditorSettings">
    <option name="SOFT_WRAP_FILE_MASKS" value="*.md; *.txt; *.rst; *.adoc" />
    <option name="SHOW_QUICK_DOC_ON_MOUSE_OVER_ELEMENT" value="true" />
    <option name="IS_RIGHT_MARGIN_SHOWN" value="false" />
    <option name="IS_WHEEL_FONTCHANGE_ENABLED" value="true" />
  </component>
</application>